name,department,salary,join_date
Rahul Sharma,IT,65000,2026-08-15
Priya Reddy,HR,52000,2026-07-20
Arjun Kumar,Finance,72000,2026-06-10
Sneha Rao,Marketing,58000,2026-09-01
Vikram Singh,IT,78000,2026-05-25
Ananya Patel,HR,55000,2026-08-05
Kiran Kumar,Finance,68000,2026-07-15
Meena Das,Marketing,61000,2026-06-20
Rohit Verma,IT,82000,2026-04-10
Pooja Reddy,Finance,70000,2026-08-25
Suresh Babu,IT,60000,2026-05-15
Divya Sharma,HR,57000,2026-09-05
Akhil Reddy,Marketing,63000,2026-07-30
Neha Singh,Finance,75000,2026-06-05
Manoj Kumar,IT,69000,2026-08-10
Swathi Rao,HR,54000,2026-05-30
Ravi Teja,Marketing,59000,2026-07-05
Lakshmi Devi,Finance,73000,2026-04-25
Naveen Kumar,IT,81000,2026-09-10
Harini Reddy,HR,56000,2026-08-20
Ajay Singh,Marketing,62000,2026-06-15
Kavya Patel,Finance,71000,2026-07-25
Mahesh Babu,IT,76000,2026-05-05
Deepika Rao,HR,53000,2026-09-02
Varun Sharma,Marketing,64000,2026-08-01
Keerthi Kumar,Finance,69000,2026-06-25
Nikhil Reddy,IT,85000,2026-07-18
Ayesha Khan,HR,58000,2026-05-20
Prakash Rao,Marketing,60000,2026-08-28
Sanjay Verma,Finance,74000,2026-04-15
Ramesh Kumar,IT,67000,2026-06-30
Bhavana Reddy,HR,51000,2026-07-12
Tarun Singh,Marketing,65000,2026-08-18
Madhavi Rao,Finance,78000,2026-05-10
Gautham Kumar,IT,79000,2026-09-08
Shalini Sharma,HR,59000,2026-06-12
Chaitanya Reddy,Marketing,57000,2026-07-28
Swetha Singh,Finance,76000,2026-08-12
Abhishek Kumar,IT,83000,2026-05-18
Nandini Rao,HR,55000,2026-09-03
Vamsi Krishna,Marketing,61000,2026-06-22
Ritika Patel,Finance,70000,2026-07-08
Harsha Vardhan,IT,77000,2026-08-22
Sowmya Reddy,HR,52000,2026-05-28
Dinesh Kumar,Marketing,63000,2026-06-18
Pavan Singh,Finance,72000,2026-08-08
Anusha Rao,IT,80000,2026-07-22
Rakesh Sharma,HR,54000,2026-09-06
Tejaswini Reddy,Marketing,66000,2026-08-30
John Test,IT,abc,2026-08-01
Missing Salary,HR,,2026-08-05
Wrong Date,Finance,65000,01-08-2026
Duplicate Employee,IT,70000,2026-08-10
Duplicate Employee,IT,70000,2026-08-10